Title,Genre
Why Did the Chicken Cross the Road? Here's Why! #83,Funny
Laughing So Hard at This Baby's Reaction! #33,Funny
My Cat Fell Off the Couch and Did This! #92,Funny
My Cat Fell Off the Couch and Did This! #20,Funny
My Cat Fell Off the Couch and Did This! #44,Funny
Laughing So Hard at This Baby's Reaction! #98,Funny
Why Did the Chicken Cross the Road? Here's Why! #94,Funny
Why Did the Chicken Cross the Road? Here's Why! #69,Funny
My Cat Fell Off the Couch and Did This! #77,Funny
My Cat Fell Off the Couch and Did This! #26,Funny
My Cat Fell Off the Couch and Did This! #3,Funny
My Cat Fell Off the Couch and Did This! #28,Funny
My Cat Fell Off the Couch and Did This! #20,Funny
The Funniest Prank Ever on My Best Friend! #97,Funny
The Funniest Prank Ever on My Best Friend! #59,Funny
Top 10 Funniest Moments Caught on Camera #4,Funny
Why Did the Chicken Cross the Road? Here's Why! #59,Funny
My Cat Fell Off the Couch and Did This! #12,Funny
Top 10 Funniest Moments Caught on Camera #80,Funny
The Funniest Prank Ever on My Best Friend! #22,Funny
Top 5 Habits of Highly Successful People #37,Motivational
The Power of Positive Thinking: A Real Story #21,Motivational
The Power of Positive Thinking: A Real Story #3,Motivational
Overcoming Failure: My Journey to Success #36,Motivational
From Zero to Hero: My Fitness Transformation #41,Motivational
Overcoming Failure: My Journey to Success #79,Motivational
The Power of Positive Thinking: A Real Story #15,Motivational
From Zero to Hero: My Fitness Transformation #45,Motivational
The Power of Positive Thinking: A Real Story #84,Motivational
How I Transformed My Life in 30 Days #3,Motivational
How I Transformed My Life in 30 Days #34,Motivational
Overcoming Failure: My Journey to Success #16,Motivational
From Zero to Hero: My Fitness Transformation #33,Motivational
The Power of Positive Thinking: A Real Story #97,Motivational
From Zero to Hero: My Fitness Transformation #21,Motivational
The Power of Positive Thinking: A Real Story #36,Motivational
How I Transformed My Life in 30 Days #84,Motivational
From Zero to Hero: My Fitness Transformation #80,Motivational
The Power of Positive Thinking: A Real Story #79,Motivational
From Zero to Hero: My Fitness Transformation #73,Motivational
Why I Cried After Watching This Movie #16,Sad
Losing My Dog: A Story of Love and Loss #82,Sad
Why I Cried After Watching This Movie #49,Sad
The Last Goodbye: A Heartbreaking Farewell #30,Sad
Remembering My Best Friend: A Tearful Tribute #12,Sad
Why I Cried After Watching This Movie #5,Sad
Remembering My Best Friend: A Tearful Tribute #80,Sad
The Last Goodbye: A Heartbreaking Farewell #71,Sad
Top 5 Saddest Moments in Gaming History #85,Sad
Top 5 Saddest Moments in Gaming History #6,Sad
Why I Cried After Watching This Movie #34,Sad
Losing My Dog: A Story of Love and Loss #63,Sad
Losing My Dog: A Story of Love and Loss #71,Sad
Top 5 Saddest Moments in Gaming History #55,Sad
Losing My Dog: A Story of Love and Loss #90,Sad
Remembering My Best Friend: A Tearful Tribute #56,Sad
Why I Cried After Watching This Movie #68,Sad
The Last Goodbye: A Heartbreaking Farewell #98,Sad
Losing My Dog: A Story of Love and Loss #99,Sad
Losing My Dog: A Story of Love and Loss #94,Sad
Adopting a Rescue Pet: Our First Day Together #4,Pets
How My Dog Saved My Life #15,Pets
Top 10 Cutest Puppies You've Ever Seen #34,Pets
My Cat's Hilarious Reaction to a Laser Pointer #25,Pets
Adopting a Rescue Pet: Our First Day Together #40,Pets
How My Dog Saved My Life #47,Pets
My Cat's Hilarious Reaction to a Laser Pointer #56,Pets
Adopting a Rescue Pet: Our First Day Together #22,Pets
My Cat's Hilarious Reaction to a Laser Pointer #18,Pets
Top 10 Cutest Puppies You've Ever Seen #38,Pets
How My Dog Saved My Life #66,Pets
My Cat's Hilarious Reaction to a Laser Pointer #44,Pets
A Day in the Life of My Pet Parrot #70,Pets
My Cat's Hilarious Reaction to a Laser Pointer #56,Pets
A Day in the Life of My Pet Parrot #94,Pets
A Day in the Life of My Pet Parrot #1,Pets
Top 10 Cutest Puppies You've Ever Seen #12,Pets
My Cat's Hilarious Reaction to a Laser Pointer #37,Pets
A Day in the Life of My Pet Parrot #49,Pets
Adopting a Rescue Pet: Our First Day Together #21,Pets
The Most Intense Battle in Call of Duty #56,Gaming
How I Built the Perfect Base in Minecraft #95,Gaming
Speedrunning Zelda: Breath of the Wild in 2 Hours #71,Gaming
The Most Intense Battle in Call of Duty #38,Gaming
Speedrunning Zelda: Breath of the Wild in 2 Hours #98,Gaming
How I Built the Perfect Base in Minecraft #12,Gaming
How I Built the Perfect Base in Minecraft #80,Gaming
How I Built the Perfect Base in Minecraft #23,Gaming
Top 5 Epic Fails in My Gaming Career #65,Gaming
The Most Intense Battle in Call of Duty #87,Gaming
Speedrunning Zelda: Breath of the Wild in 2 Hours #23,Gaming
I Defeated the Demon King in Elden Ring #65,Gaming
Top 5 Epic Fails in My Gaming Career #35,Gaming
Top 5 Epic Fails in My Gaming Career #38,Gaming
I Defeated the Demon King in Elden Ring #80,Gaming
Speedrunning Zelda: Breath of the Wild in 2 Hours #1,Gaming
Speedrunning Zelda: Breath of the Wild in 2 Hours #15,Gaming
I Defeated the Demon King in Elden Ring #12,Gaming
I Defeated the Demon King in Elden Ring #73,Gaming
How I Built the Perfect Base in Minecraft #49,Gaming
Top 10 Funniest Moments Caught on Camera #4 101,Funny
My Cat Fell Off the Couch and Did This! #28 102,Funny
My Cat Fell Off the Couch and Did This! #77 103,Funny
My Cat Fell Off the Couch and Did This! #44 104,Funny
My Cat Fell Off the Couch and Did This! #44 105,Funny
Why Did the Chicken Cross the Road? Here's Why! #94 106,Funny
Why Did the Chicken Cross the Road? Here's Why! #83 107,Funny
My Cat Fell Off the Couch and Did This! #44 108,Funny
Why Did the Chicken Cross the Road? Here's Why! #59 109,Funny
The Funniest Prank Ever on My Best Friend! #59 110,Funny
Top 10 Funniest Moments Caught on Camera #80 111,Funny
My Cat Fell Off the Couch and Did This! #20 112,Funny
My Cat Fell Off the Couch and Did This! #26 113,Funny
My Cat Fell Off the Couch and Did This! #26 114,Funny
My Cat Fell Off the Couch and Did This! #26 115,Funny
My Cat Fell Off the Couch and Did This! #26 116,Funny
My Cat Fell Off the Couch and Did This! #26 117,Funny
My Cat Fell Off the Couch and Did This! #20 118,Funny
Top 10 Funniest Moments Caught on Camera #80 119,Funny
My Cat Fell Off the Couch and Did This! #20 120,Funny
The Power of Positive Thinking: A Real Story #36 101,Motivational
How I Transformed My Life in 30 Days #3 102,Motivational
From Zero to Hero: My Fitness Transformation #80 103,Motivational
The Power of Positive Thinking: A Real Story #36 104,Motivational
From Zero to Hero: My Fitness Transformation #41 105,Motivational
From Zero to Hero: My Fitness Transformation #33 106,Motivational
From Zero to Hero: My Fitness Transformation #45 107,Motivational
From Zero to Hero: My Fitness Transformation #21 108,Motivational
The Power of Positive Thinking: A Real Story #3 109,Motivational
From Zero to Hero: My Fitness Transformation #33 110,Motivational
Overcoming Failure: My Journey to Success #36 111,Motivational
The Power of Positive Thinking: A Real Story #79 112,Motivational
Overcoming Failure: My Journey to Success #36 113,Motivational
The Power of Positive Thinking: A Real Story #97 114,Motivational
From Zero to Hero: My Fitness Transformation #80 115,Motivational
The Power of Positive Thinking: A Real Story #97 116,Motivational
The Power of Positive Thinking: A Real Story #15 117,Motivational
How I Transformed My Life in 30 Days #3 118,Motivational
Overcoming Failure: My Journey to Success #79 119,Motivational
From Zero to Hero: My Fitness Transformation #33 120,Motivational
Top 5 Saddest Moments in Gaming History #55 101,Sad
Top 5 Saddest Moments in Gaming History #55 102,Sad
Remembering My Best Friend: A Tearful Tribute #12 103,Sad
Losing My Dog: A Story of Love and Loss #90 104,Sad
Losing My Dog: A Story of Love and Loss #90 105,Sad
The Last Goodbye: A Heartbreaking Farewell #98 106,Sad
The Last Goodbye: A Heartbreaking Farewell #98 107,Sad
Why I Cried After Watching This Movie #16 108,Sad
Top 5 Saddest Moments in Gaming History #6 109,Sad
Losing My Dog: A Story of Love and Loss #99 110,Sad
Losing My Dog: A Story of Love and Loss #99 111,Sad
Losing My Dog: A Story of Love and Loss #90 112,Sad
Top 5 Saddest Moments in Gaming History #6 113,Sad
Why I Cried After Watching This Movie #34 114,Sad
Why I Cried After Watching This Movie #16 115,Sad
Losing My Dog: A Story of Love and Loss #82 116,Sad
Losing My Dog: A Story of Love and Loss #63 117,Sad
Why I Cried After Watching This Movie #5 118,Sad
Losing My Dog: A Story of Love and Loss #82 119,Sad
Why I Cried After Watching This Movie #5 120,Sad
My Cat's Hilarious Reaction to a Laser Pointer #56 101,Pets
A Day in the Life of My Pet Parrot #49 102,Pets
How My Dog Saved My Life #15 103,Pets
My Cat's Hilarious Reaction to a Laser Pointer #44 104,Pets
My Cat's Hilarious Reaction to a Laser Pointer #37 105,Pets
Adopting a Rescue Pet: Our First Day Together #22 106,Pets
How My Dog Saved My Life #66 107,Pets
Adopting a Rescue Pet: Our First Day Together #22 108,Pets
How My Dog Saved My Life #66 109,Pets
Top 10 Cutest Puppies You've Ever Seen #34 110,Pets
A Day in the Life of My Pet Parrot #49 111,Pets
My Cat's Hilarious Reaction to a Laser Pointer #25 112,Pets
Adopting a Rescue Pet: Our First Day Together #21 113,Pets
My Cat's Hilarious Reaction to a Laser Pointer #56 114,Pets
How My Dog Saved My Life #15 115,Pets
How My Dog Saved My Life #47 116,Pets
Adopting a Rescue Pet: Our First Day Together #21 117,Pets
A Day in the Life of My Pet Parrot #70 118,Pets
Adopting a Rescue Pet: Our First Day Together #40 119,Pets
Top 10 Cutest Puppies You've Ever Seen #38 120,Pets
Speedrunning Zelda: Breath of the Wild in 2 Hours #23 101,Gaming
How I Built the Perfect Base in Minecraft #95 102,Gaming
I Defeated the Demon King in Elden Ring #80 103,Gaming
Top 5 Epic Fails in My Gaming Career #38 104,Gaming
How I Built the Perfect Base in Minecraft #49 105,Gaming
Top 5 Epic Fails in My Gaming Career #38 106,Gaming
Speedrunning Zelda: Breath of the Wild in 2 Hours #23 107,Gaming
How I Built the Perfect Base in Minecraft #95 108,Gaming
Top 5 Epic Fails in My Gaming Career #35 109,Gaming
Top 5 Epic Fails in My Gaming Career #38 110,Gaming
How I Built the Perfect Base in Minecraft #23 111,Gaming
Speedrunning Zelda: Breath of the Wild in 2 Hours #23 112,Gaming
I Defeated the Demon King in Elden Ring #80 113,Gaming
The Most Intense Battle in Call of Duty #87 114,Gaming
Speedrunning Zelda: Breath of the Wild in 2 Hours #98 115,Gaming
Speedrunning Zelda: Breath of the Wild in 2 Hours #23 116,Gaming
I Defeated the Demon King in Elden Ring #73 117,Gaming
How I Built the Perfect Base in Minecraft #49 118,Gaming
I Defeated the Demon King in Elden Ring #12 119,Gaming
Speedrunning Zelda: Breath of the Wild in 2 Hours #23 120,Gaming
